{"train_accuracy":0.8572916666666667,"_timestamp":1.7729469367801962e+09,"_step":20,"epoch":19,"train_loss":0.4535730597324087,"test_accuracy":0.8535,"_wandb":{"runtime":24},"_runtime":24}