{"train_loss":0.06623909432796093,"_runtime":11,"epoch":14,"train_accuracy":0.725703125,"test_accuracy":0.72275,"validation_accuracy":0.7159375,"_step":15,"test_f1":0.7140260661217355,"_timestamp":1.7729027979896827e+09,"_wandb":{"runtime":11}}