{"epoch":19,"test_accuracy":0.7376666666666667,"_wandb":{"runtime":27},"_runtime":27,"train_loss":0.04143027221746182,"train_accuracy":0.7362760416666667,"_timestamp":1.7728963617504716e+09,"_step":20}