{"_step":20,"epoch":19,"test_accuracy":0.8101666666666667,"_wandb":{"runtime":34},"_runtime":34,"train_loss":0.03812452069939395,"train_accuracy":0.8130208333333333,"_timestamp":1.772896990450644e+09}