{"_timestamp":1.772948380945619e+09,"_step":20,"epoch":19,"train_loss":0.514745977317863,"train_accuracy":0.8433333333333334,"test_accuracy":0.84175,"_wandb":{"runtime":32},"_runtime":32}