{"test_accuracy":0.10208333333333333,"_wandb":{"runtime":27},"_runtime":27,"epoch":19,"train_loss":325.0885264136594,"train_accuracy":0.1021875,"_timestamp":1.7728988629951754e+09,"_step":20}