{"train_accuracy":0.8247916666666667,"_timestamp":1.772902691004909e+09,"_step":14,"_wandb":{"runtime":13},"_runtime":13,"epoch":14,"train_loss":0.047044821163565446}