{"_wandb":{"runtime":27},"_runtime":27,"train_loss":1.7536210273296604,"train_accuracy":0.8508854166666666,"_timestamp":1.772899866781152e+09,"_step":20,"epoch":19,"test_accuracy":0.8485833333333334}