{"_runtime":27,"epoch":19,"train_loss":0.5142108947432934,"train_accuracy":0.844921875,"_timestamp":1.7729020979185636e+09,"_step":20,"test_accuracy":0.84275,"_wandb":{"runtime":27}}