{"train_accuracy":0.9449739583333333,"test_accuracy":0.9333333333333333,"_wandb":{"runtime":33},"_runtime":33,"_timestamp":1.7729487289678006e+09,"_step":20,"epoch":19,"train_loss":0.18639168394860553}