{"_step":20,"test_accuracy":0.699,"_wandb":{"runtime":29},"_runtime":29,"epoch":19,"train_loss":0.0467318690974254,"train_accuracy":0.7044010416666666,"_timestamp":1.7728964533403275e+09}