{"_step":20,"test_accuracy":0.8838333333333334,"_wandb":{"runtime":29},"_runtime":29,"epoch":19,"train_loss":1.7128549474938082,"train_accuracy":0.8920572916666667,"_timestamp":1.772900130441093e+09}