{"_timestamp":1.7729027136048083e+09,"_step":14,"_wandb":{"runtime":14},"_runtime":14,"epoch":14,"train_loss":1.9862226008620696,"train_accuracy":0.3746875}