{"_wandb":{"runtime":21},"_runtime":21,"_step":20,"epoch":19,"train_loss":0.036115499640112195,"train_accuracy":0.818046875,"_timestamp":1.7728971788999345e+09,"test_accuracy":0.812}