{"_step":20,"epoch":19,"test_accuracy":0.09916666666666667,"_wandb":{"runtime":28},"_runtime":28,"train_loss":820.5100181792535,"train_accuracy":0.099140625,"_timestamp":1.772899663567051e+09}