{"train_loss":0.08952841018999386,"train_accuracy":0.12565104166666666,"_timestamp":1.7729026710477674e+09,"_wandb":{"runtime":19},"_runtime":19,"_step":14,"epoch":14}