{"_timestamp":1.7729028956849473e+09,"test_f1":0.26873030173020807,"_step":10,"train_loss":0.097912319233392,"_runtime":5,"test_accuracy":0.27991666666666665,"epoch":9,"validation_accuracy":0.2833333333333333,"_wandb":{"runtime":5},"train_accuracy":0.284765625}