{"_timestamp":1.7729016156262703e+09,"_step":20,"epoch":19,"test_accuracy":0.84925,"_wandb":{"runtime":28},"_runtime":28,"train_loss":0.4715165508490447,"train_accuracy":0.8529427083333333}