{"_wandb":{"runtime":11},"train_accuracy":0.11236979166666666,"train_loss":523.6067462847726,"_step":10,"validation_accuracy":0.11239583333333333,"_runtime":11,"_timestamp":1.7728973403615885e+09,"test_accuracy":0.11233333333333333,"epoch":9}