{"epoch":19,"train_loss":1.7997831343331658,"train_accuracy":0.8006770833333333,"_timestamp":1.7728997833248394e+09,"_step":20,"test_accuracy":0.79525,"_wandb":{"runtime":42},"_runtime":42}