{"train_loss":0.07817292539791136,"_timestamp":1.772897459957994e+09,"train_accuracy":0.22520833333333334,"test_accuracy":0.22583333333333333,"_runtime":11,"_wandb":{"runtime":11},"_step":10,"epoch":9,"validation_accuracy":0.2259375}