{"train_loss":0.03862888200858105,"train_accuracy":0.8003125,"test_accuracy":0.7948333333333333,"_wandb":{"runtime":24},"_runtime":24,"_timestamp":1.7728966202399023e+09,"_step":20,"epoch":19}