{"_step":10,"_wandb":{"runtime":19},"_timestamp":1.7728974140380197e+09,"train_accuracy":0.099140625,"epoch":9,"test_accuracy":0.09916666666666667,"validation_accuracy":0.09916666666666667,"train_loss":4.159153444389542e+10,"_runtime":19}