{"test_accuracy":0.74475,"_wandb":{"runtime":30},"_runtime":30,"epoch":19,"train_loss":1.868106422947765,"train_accuracy":0.74859375,"_timestamp":1.7729010964265063e+09,"_step":20}