{"epoch":19,"test_accuracy":0.77225,"_wandb":{"runtime":28},"_runtime":28,"train_loss":0.03734505723434479,"train_accuracy":0.7787239583333333,"_timestamp":1.7728986603221016e+09,"_step":20}