{"_wandb":{"runtime":26},"_runtime":26,"_step":20,"epoch":19,"train_loss":0.0197891101614811,"train_accuracy":0.9177604166666666,"_timestamp":1.7728987423577206e+09,"test_accuracy":0.9128333333333334}