{"_timestamp":1.7728973211551301e+09,"validation_accuracy":0.4871875,"_step":10,"train_loss":0.049722463045326834,"epoch":9,"test_accuracy":0.49625,"train_accuracy":0.4979166666666667,"_wandb":{"runtime":13},"_runtime":13}